<?xml version="1.0" encoding="utf-8" ?>
<IgrssSite>
	<Module Name="License"
			Code="LIC">
		<View Name="License Application"
			  Url="~/License/LicenseApplication.aspx?Mode=DataEntry"
			  Mode="DataEntry"/>
		<View Name="Cancel License"
			  Url="~/License/LicenseCancelation.aspx"
			  Mode="Cancel"/>
		<View Name="Renew License"
			  Url="~/License/LicenseRenewal.aspx"
			  Mode="Renew"/>
		<View Name="ReadOnly"
			  Url="~/License/LicenseApplication.aspx?Mode=ReadOnly"
			  Mode="ReadOnly"/>
	</Module>
	<Module Name="Adjudication"
			Code="ADJ">
		<View Name="New Application"
			  Url="~/Adjudication/AdjApplication.aspx?Mode=DataEntry"
			  Mode="DataEntry"/>
		<View Name="Verify Application"
			  Url="~/Adjudication/AdjApplication.aspx?Mode=Verify"
			  Mode="Verify"/>
		<View Name="Readonly Application"
			  Url="~/Adjudication/AdjApplication.aspx?Mode=Readonly"
			  Mode="Readonly"/>
	</Module>
	<Module Name="Appeal"
			Code="APL">
		<View Name="New Application"
			  Url="~/Appeal/AppealApplication.aspx?Mode=DataEntry"
			  Mode="DataEntry"/>
		<View Name="Verify Application"
			  Url="~/Appeal/AppealApplication.aspx?Mode=Verify"
			  Mode="Verify"/>
		<View Name="Approve Application"
			  Url="~/Appeal/AppealApplication.aspx?Mode=Approve"
			  Mode="Approve"/>
		<View Name="ReadOnly Application"
			  Url="~/Appeal/AppealApplication.aspx?Mode=ReadOnly"
			  Mode="ReadOnly"/>
	</Module>
	<Module Name="Service"
			Code="SER">
		<View Name="New Application"
			  Url="~/Service/Service.aspx?Mode=DataEntry"
			  Mode="DataEntry"/>
		<View Name="Verify Application"
			  Url="~/Service/Service.aspx?Mode=Verify"
			  Mode="Verify"/>
		<View Name="ReadOnly Application"
			  Url="~/Service/ServiceReport.aspx?Mode=ReadOnly"
			  Mode="ReadOnly"/>
	</Module>
	<Module Name="Complain"
			Code="COM">
		<View Name="New Application"
			  Url="~/Complain/Complaint.aspx?Mode=DataEntry"
			  Mode="DataEntry"/>
		<View Name="Verify Application"
			  Url="~/Complain/Complaint.aspx?Mode=Verify"
			  Mode="Verify"/>
		<View Name="Assign investigation Officer"
			  Url="~/Complain/AssignInvestigationOfficer.aspx?Mode=AssignOfficer"
			  Mode="AssignOfficer"/>
		<View Name="InvestigationResult"
			  Url="~/Complain/InvestigationResult.aspx?Mode=InvestigationResult"
			  Mode="InvestigationResult"/>
	</Module>
	<Module Name="In Out Register"
			Code="IOR">
		<View Name="New Application"
			  Url="~/Inward-Outward/InwardRegister.aspx?Mode=DataEntry"
			  Mode="DataEntry"/>
		<View Name="Verify Application"
			  Url="~/Inward-Outward/InwardRegister.aspx?Mode=Verify"
			  Mode="Verify"/>
		<View Name="ReadOnly Application"
			  Url="~/Inward-Outward/InwardOutwardReport.aspx?Mode=ReadOnly"
			  Mode="ReadOnly"/>

	</Module>
	<Module Name="Telephone"
			Code="TPH">
		<View Name="New Application"
			  Url="~/Telephone/Telephone.aspx?Mode=DataEntry"
			  Mode="DataEntry"/>
		<View Name="Verify Application"
			  Url="~/Telephone/Telephone.aspx?Mode=Verify"
			  Mode="Verify"/>
		<View Name="ReadOnly Application"
			  Url="~/Telephone/TelephoneReport.aspx?Mode=ReadOnly"
			  Mode="ReadOnly"/>

	</Module>
	<Module Name="Refund"
			Code="REF">
		<View Name="New Application"
			  Url="~/Refund/RefundApplication.aspx?Mode=DataEntry"
			  Mode="DataEntry"/>

		<View Name="ReadOnly Application"
			  Url="~/Refund/RefundApplication.aspx?Mode=ReadOnly"
			  Mode="ReadOnly"/>
	</Module>
	<Module Name="Administration Console"
			Code="CAC">
		<View Name="Create Users"
			  Url="~/Central%20Administration%20Console/CreateUser.aspx"
			  Mode="CreateUser"/>
		<View Name="Assign Permissions"
			  Url="~/Central%20Administration%20Console/AssignUserPermissions.aspx"
			  Mode="AssignUserPermissions"/>
	</Module>
	<Module Name="Masters"
			Code="Mas">
		<View Name="Acts"
			  Url="~/Central%20Administration%20Console/Masters/ActMaster.aspx"
			  Mode=""/>
		<View Name="Departments"
			  Url="~/Central%20Administration%20Console/Masters/DepartmentMaster.aspx"
			  Mode="CreateUser"/>
		
		<View Name="Documents"
			  Url="~/Central%20Administration%20Console/Masters/DocumentMaster.aspx"
			  Mode=""/>
		<View Name="Fee Types"
			  Url="~/Central%20Administration%20Console/Masters/FeeMaster.aspx"
			  Mode=""/>
		<View Name="Inspection CheckList"
			  Url="~/Central%20Administration%20Console/Masters/InspectionCheckListMaster.aspx"
			  Mode=""/>
		<View Name="Inspection Types"
			  Url="~/Central%20Administration%20Console/Masters/InspectionTypeMaster.aspx"
			  Mode=""/>
		<View Name="Item Master"
			  Url="~/Central%20Administration%20Console/Masters/ItemMaster.aspx"
			  Mode=""/>
    <View Name="Office Communications"
			  Url="~/Central%20Administration%20Console/Masters/OfficeCommunicationLKP.aspx"
			  Mode=""/>

    <View Name="Office Process"
			  Url="~/Central%20Administration%20Console/ManageOfficeProcess.aspx"
			  Mode=""/>

    <View Name="Designations"
			  Url="~/Central%20Administration%20Console/Masters/DesignationMaster.aspx"
			  Mode=""/>

    <View Name="Revenue Stamps"
			  Url="~/Central%20Administration%20Console/Masters/RevenueStampMaster.aspx"
			  Mode=""/>

    <View Name="User Roles"
			  Url="~/Central%20Administration%20Console/UserRoleManagement/UserInOfficeRoles.aspx"
			  Mode=""/>

    <View Name="Postal Delivery Types"
			  Url="~/Central%20Administration%20Console/Masters/PostalDeliveryTypeLKP.aspx"
			  Mode=""/>
    
		<View Name="Qualification"
			  Url="~/Central%20Administration%20Console/Masters/QualificationMaster.aspx"
			  Mode=""/>
    
		<View Name="Manage Offices"
			  Url="~/Central%20Administration%20Console/Offices/OfficeMaster.aspx"
			  Mode=""/>
	</Module>
		<Module Name="Registration"
			Code="REG">
		<View Name="New Registration"
			  Url="~/Registration/Registration.aspx?Mode=DataEntry"
			  Mode="DataEntry"/>
		<View Name="Verify Application"
			  Url="~/Registration/UpdateRegistration.aspx?Mode=Verify"
			  Mode="Verify"/>
		<View Name="ReadOnly Application"
			  Url="~/Registration/RegistrationReadOnly.aspx?Mode=ReadOnly"
			  Mode="ReadOnly"/>


			<View Name="Integration NIC"
				  Url="~/Registration/RegistrationIntegration.aspx"
				  Mode="ReadOnly"/>
			
	</Module>

</IgrssSite>
