<?xml version="1.0" encoding="UTF-8"?><?xml-stylesheet type='text/xsl' href='_UpgradeReport_Files/UpgradeReport.xslt'?><UpgradeLog>
<Properties><Property Name="Solution" Value="IGRSS_Final">
</Property><Property Name="Solution File" Value="C:\inetpub\wwwroot\IGRSS_Final\IGRSS_Final.sln">
</Property><Property Name="Date" Value="Monday, September 03, 2012">
</Property><Property Name="Time" Value="14:55 PM">
</Property></Properties><Event ErrorLevel="1" Project="BusinessLayer" Source="BusinessLayer\BusinessLayer.csproj" Description="Your project is targeting .NET Framework 2.0 or 3.0. If your project uses assemblies requiring a newer .NET Framework, your project will fail to build. You can change the .NET Framework version by clicking Properties on the project menu and then selecting a new version in the '.NET Framework' dropdown box. (In Visual Basic, this is located on the Compile tab by clicking the 'Advanced Compiler Options...' button.)">
</Event><Event ErrorLevel="0" Project="BusinessLayer" Source="BusinessLayer\BusinessLayer.csproj" Description="Project converted successfully">
</Event><Event ErrorLevel="3" Project="BusinessLayer" Source="BusinessLayer\BusinessLayer.csproj" Description="Converted">
</Event><Event ErrorLevel="0" Project="UnitTest" Source="UnitTest\UnitTest.csproj" Description="Project converted successfully">
</Event><Event ErrorLevel="3" Project="UnitTest" Source="UnitTest\UnitTest.csproj" Description="Converted">
</Event><Event ErrorLevel="0" Project="IgrssTest" Source="IgrssTest\IgrssTest.csproj" Description="Project converted successfully">
</Event><Event ErrorLevel="3" Project="IgrssTest" Source="IgrssTest\IgrssTest.csproj" Description="Converted">
</Event><Event ErrorLevel="1" Project="IgrssInstallerActions" Source="IgrssInstallerActions\IgrssInstallerActions.csproj" Description="Your project is targeting .NET Framework 2.0 or 3.0. If your project uses assemblies requiring a newer .NET Framework, your project will fail to build. You can change the .NET Framework version by clicking Properties on the project menu and then selecting a new version in the '.NET Framework' dropdown box. (In Visual Basic, this is located on the Compile tab by clicking the 'Advanced Compiler Options...' button.)">
</Event><Event ErrorLevel="0" Project="IgrssInstallerActions" Source="IgrssInstallerActions\IgrssInstallerActions.csproj" Description="Project converted successfully">
</Event><Event ErrorLevel="3" Project="IgrssInstallerActions" Source="IgrssInstallerActions\IgrssInstallerActions.csproj" Description="Converted">
</Event><Event ErrorLevel="0" Project="" Source="IGRSS_Final.sln" Description="Solution converted successfully">
</Event><Event ErrorLevel="3" Project="" Source="IGRSS_Final.sln" Description="Converted">
</Event><Event ErrorLevel="0" Project="BusinessLayer" Source="BusinessLayer\BusinessLayer.csproj" Description="Scan complete: Upgrade not required for project files.">
</Event><Event ErrorLevel="3" Project="" Source="IGRSS_Final3.vsmdi" Description="Converted">
</Event><Event ErrorLevel="0" Project="" Source="IGRSS_Final3.vsmdi" Description="The file was converted to the current format.">
</Event><Event ErrorLevel="3" Project="" Source="localtestrun.testrunconfig" Description="Converted">
</Event><Event ErrorLevel="0" Project="" Source="localtestrun.testrunconfig" Description="The file was converted to the current format.">
</Event><Event ErrorLevel="0" Project="UnitTest" Source="UnitTest\UnitTest.csproj" Description="Scan complete: Upgrade not required for project files.">
</Event><Event ErrorLevel="0" Project="IgrssTest" Source="IgrssTest\IgrssTest.csproj" Description="Scan complete: Upgrade not required for project files.">
</Event><Event ErrorLevel="0" Project="IgrssInstallerActions" Source="IgrssInstallerActions\IgrssInstallerActions.csproj" Description="Scan complete: Upgrade not required for project files.">
</Event></UpgradeLog>